,Player,Salary
0,,"$48,070,014"
1,,"$47,345,760"
2,,"$47,063,478"
3,,"$44,474,988"
4,,"$44,119,845"
5,,"$43,279,250"
6,,"$42,492,492"
7,,"$42,492,492"
8,,"$42,492,492"
9,,"$42,492,492"
10,,"$40,600,080"
11,,"$38,172,414"
12,,"$37,984,276"
13,,"$37,980,720"
14,,"$37,653,300"
15,,"$37,633,050"
16,,"$37,281,261"
17,,"$37,096,500"
18,,"$37,096,500"
19,,"$37,096,500"
20,,"$36,934,550"
21,,"$35,448,672"
22,,"$35,448,672"
23,,"$35,096,500"
24,,"$33,833,400"
25,,"$33,833,400"
26,,"$33,833,400"
27,,"$33,665,040"
28,,"$33,616,770"
29,,"$33,616,770"
30,,"$33,333,333"
31,,"$33,047,803"
32,,"$33,000,000"
33,,"$31,650,600"
34,,"$31,650,600"
35,,"$31,377,750"
36,,"$30,913,750"
37,,"$30,913,750"
38,,"$30,913,750"
39,,"$30,913,750"
40,,"$30,351,780"
41,,"$30,351,780"
42,,"$30,351,780"
43,,"$30,075,000"
44,,"$28,946,605"
45,,"$28,942,830"
46,,"$28,741,071"
47,,"$28,400,000"
48,,"$28,333,334"
49,,"$27,733,332"
50,,"$27,300,000"
51,,"$26,500,000"
52,,"$25,806,468"
53,,"$23,760,000"
54,,"$23,500,000"
55,,"$22,680,000"
56,,"$22,600,000"
57,,"$22,321,429"
58,,"$22,000,000"
59,,"$21,486,316"
60,,"$21,250,000"
61,,"$21,177,750"
62,,"$20,955,000"
63,,"$20,171,427"
64,,"$20,100,000"
65,,"$20,000,000"
66,,"$19,700,319"
67,,"$19,690,909"
68,,"$19,602,273"
69,,"$19,568,360"
70,,"$19,550,000"
71,,"$19,534,884"
72,,"$19,479,000"
73,,"$18,796,296"
74,,"$18,706,896"
75,,"$18,642,857"
76,,"$18,500,000"
77,,"$18,352,273"
78,,"$18,000,000"
79,,"$18,000,000"
80,,"$17,926,829"
81,,"$17,505,000"
82,,"$17,400,000"
83,,"$17,357,143"
84,,"$17,207,142"
85,,"$17,045,454"
86,,"$16,902,000"
87,,"$16,892,857"
88,,"$16,758,621"
89,,"$16,571,120"
90,,"$16,500,000"
91,,"$16,500,000"
92,,"$16,475,454"
93,,"$16,372,093"
94,,"$16,000,000"
95,,"$15,625,000"
96,,"$15,558,035"
97,,"$15,277,778"
98,,"$15,000,000"
99,,"$14,700,000"
100,,"$14,520,730"
101,,"$14,508,929"
102,,"$14,375,000"
103,,"$14,317,459"
104,,"$14,150,000"
105,,"$14,004,703"
106,,"$13,906,976"
107,,"$13,750,000"
108,,"$13,745,455"
109,,"$13,534,817"
110,,"$13,340,000"
111,,"$13,000,000"
112,,"$13,000,000"
113,,"$13,000,000"
114,,"$12,960,000"
115,,"$12,804,878"
116,,"$12,690,000"
117,,"$12,600,000"
118,,"$12,500,000"
119,,"$12,402,000"
120,,"$12,307,692"
121,,"$12,196,094"
122,,"$12,119,440"
123,,"$11,550,000"
124,,"$11,500,000"
125,,"$11,400,000"
126,,"$11,215,260"
127,,"$11,215,260"
128,,"$11,080,125"
129,,"$11,055,120"
130,,"$10,937,502"
131,,"$10,900,634"
132,,"$10,843,350"
133,,"$10,733,758"
134,,"$10,733,400"
135,,"$10,552,800"
136,,"$10,490,000"
137,,"$10,350,803"
138,,"$10,300,000"
139,,"$10,260,000"
140,,"$10,183,800"
141,,"$10,123,457"
142,,"$10,012,800"
143,,"$10,012,800"
144,,"$10,000,000"
145,,"$9,891,240"
146,,"$9,835,881"
147,,"$9,672,727"
148,,"$9,603,360"
149,,"$9,500,000"
150,,"$9,472,219"
151,,"$9,441,840"
152,,"$9,398,148"
153,,"$9,240,000"
154,,"$9,240,000"
155,,"$9,200,000"
156,,"$9,125,000"
157,,"$9,080,417"
158,,"$9,030,000"
159,,"$9,000,000"
160,,"$8,920,794"
161,,"$8,882,640"
162,,"$8,780,488"
163,,"$8,750,000"
164,,"$8,694,369"
165,,"$8,623,920"
166,,"$8,500,000"
167,,"$8,500,000"
168,,"$8,496,653"
169,,"$8,478,720"
170,,"$8,300,000"
171,,"$8,250,000"
172,,"$8,200,000"
173,,"$8,100,000"
174,,"$8,008,440"
175,,"$8,000,000"
176,,"$8,000,000"
177,,"$7,804,879"
178,,"$7,804,878"
179,,"$7,775,400"
180,,"$7,644,600"
181,,"$7,448,674"
182,,"$7,426,088"
183,,"$7,413,955"
184,,"$7,350,000"
185,,"$7,295,000"
186,,"$7,252,200"
187,,"$7,065,217"
188,,"$7,040,880"
189,,"$7,000,000"
190,,"$6,922,320"
191,,"$6,803,012"
192,,"$6,667,500"
193,,"$6,586,800"
194,,"$6,479,000"
195,,"$6,479,000"
196,,"$6,479,000"
197,,"$6,479,000"
198,,"$6,479,000"
199,,"$6,395,160"
200,,"$6,292,440"
201,,"$6,287,400"
202,,"$6,263,188"
203,,"$6,184,500"
204,,"$6,025,000"
205,,"$6,012,960"
206,,"$6,000,000"
207,,"$6,000,000"
208,,"$5,954,454"
209,,"$5,887,899"
210,,"$5,853,659"
211,,"$5,837,760"
212,,"$5,808,435"
213,,"$5,739,840"
214,,"$5,728,393"
215,,"$5,722,116"
216,,"$5,634,257"
217,,"$5,508,600"
218,,"$5,461,219"
219,,"$5,348,280"
220,,"$5,258,280"
221,,"$5,250,000"
222,,"$5,200,000"
223,,"$5,155,500"
224,,"$5,155,500"
225,,"$5,121,951"
226,,"$5,063,520"
227,,"$5,022,000"
228,,"$5,009,633"
229,,"$5,000,000"
230,,"$4,916,160"
231,,"$4,833,600"
232,,"$4,810,320"
233,,"$4,765,339"
234,,"$4,728,948"
235,,"$4,725,000"
236,,"$4,670,160"
237,,"$4,591,680"
238,,"$4,569,840"
239,,"$4,564,980"
240,,"$4,500,000"
241,,"$4,500,000"
242,,"$4,437,000"
243,,"$4,379,526"
244,,"$4,374,000"
245,,"$4,362,240"
246,,"$4,343,919"
247,,"$4,341,480"
248,,"$4,306,281"
249,,"$4,264,628"
250,,"$4,215,120"
251,,"$4,171,548"
252,,"$4,144,320"
253,,"$4,124,280"
254,,"$4,105,000"
255,,"$4,097,561"
256,,"$4,037,277"
257,,"$4,022,164"
258,,"$4,004,280"
259,,"$4,000,000"
260,,"$4,000,000"
261,,"$3,936,960"
262,,"$3,918,600"
263,,"$3,918,360"
264,,"$3,901,399"
265,,"$3,873,024"
266,,"$3,846,895"
267,,"$3,804,360"
268,,"$3,740,160"
269,,"$3,722,040"
270,,"$3,613,680"
271,,"$3,552,840"
272,,"$3,536,160"
273,,"$3,500,000"
274,,"$3,500,000"
275,,"$3,465,000"
276,,"$3,433,320"
277,,"$3,433,320"
278,,"$3,423,750"
279,,"$3,395,062"
280,,"$3,375,360"
281,,"$3,359,160"
282,,"$3,261,480"
283,,"$3,217,631"
284,,"$3,209,493"
285,,"$3,206,520"
286,,"$3,205,128"
287,,"$3,200,000"
288,,"$3,200,000"
289,,"$3,191,400"
290,,"$3,122,602"
291,,"$3,098,400"
292,,"$3,047,640"
293,,"$3,046,200"
294,,"$3,000,000"
295,,"$3,000,000"
296,,"$2,959,080"
297,,"$2,925,600"
298,,"$2,909,040"
299,,"$2,905,851"
300,,"$2,905,851"
301,,"$2,905,851"
302,,"$2,905,851"
303,,"$2,905,851"
304,,"$2,905,851"
305,,"$2,905,851"
306,,"$2,905,851"
307,,"$2,905,851"
308,,"$2,905,851"
309,,"$2,905,851"
310,,"$2,905,851"
311,,"$2,844,429"
312,,"$2,840,160"
313,,"$2,808,600"
314,,"$2,792,640"
315,,"$2,726,880"
316,,"$2,717,391"
317,,"$2,696,400"
318,,"$2,681,040"
319,,"$2,641,682"
320,,"$2,628,597"
321,,"$2,628,597"
322,,"$2,625,000"
323,,"$2,617,800"
324,,"$2,588,640"
325,,"$2,573,760"
326,,"$2,485,200"
327,,"$2,471,160"
328,,"$2,471,160"
329,,"$2,463,490"
330,,"$2,463,490"
331,,"$2,463,490"
332,,"$2,443,581"
333,,"$2,412,840"
334,,"$2,408,891"
335,,"$2,385,480"
336,,"$2,372,160"
337,,"$2,363,272"
338,,"$2,316,240"
339,,"$2,306,520"
340,,"$2,300,000"
341,,"$2,298,385"
342,,"$2,298,385"
343,,"$2,298,385"
344,,"$2,298,385"
345,,"$2,298,385"
346,,"$2,277,000"
347,,"$2,266,640"
348,,"$2,244,111"
349,,"$2,239,920"
350,,"$2,239,200"
351,,"$2,234,359"
352,,"$2,226,000"
353,,"$2,210,040"
354,,"$2,201,520"
355,,"$2,200,000"
356,,"$2,193,960"
357,,"$2,193,920"
358,,"$2,174,880"
359,,"$2,161,440"
360,,"$2,160,000"
361,,"$2,145,720"
362,,"$2,138,160"
363,,"$2,133,278"
364,,"$2,133,278"
365,,"$2,133,278"
366,,"$2,133,278"
367,,"$2,133,278"
368,,"$2,130,240"
369,,"$2,125,200"
370,,"$2,109,480"
371,,"$2,094,120"
372,,"$2,036,318"
373,,"$2,036,318"
374,,"$2,000,000"
375,,"$2,000,000"
376,,"$2,000,000"
377,,"$2,000,000"
378,,"$2,000,000"
379,,"$1,997,718"
380,,"$1,968,175"
381,,"$1,968,175"
382,,"$1,968,175"
383,,"$1,968,175"
384,,"$1,968,175"
385,,"$1,968,175"
386,,"$1,968,175"
387,,"$1,968,175"
388,,"$1,930,681"
389,,"$1,930,681"
390,,"$1,930,681"
391,,"$1,930,681"
392,,"$1,930,681"
393,,"$1,930,681"
394,,"$1,930,681"
395,,"$1,910,860"
396,,"$1,902,133"
397,,"$1,902,133"
398,,"$1,901,625"
399,,"$1,878,720"
400,,"$1,878,720"
401,,"$1,878,720"
402,,"$1,878,720"
403,,"$1,846,738"
404,,"$1,836,090"
405,,"$1,836,090"
406,,"$1,836,090"
407,,"$1,815,677"
408,,"$1,815,677"
409,,"$1,815,677"
410,,"$1,785,000"
411,,"$1,782,621"
412,,"$1,782,621"
413,,"$1,782,621"
414,,"$1,782,621"
415,,"$1,782,621"
416,,"$1,782,621"
417,,"$1,782,621"
418,,"$1,782,621"
419,,"$1,782,621"
420,,"$1,752,638"
421,,"$1,752,638"
422,,"$1,639,842"
423,,"$1,637,966"
424,,"$1,637,966"
425,,"$1,575,000"
426,,"$1,563,518"
427,,"$1,563,518"
428,,"$1,563,518"
429,,"$1,563,518"
430,,"$1,563,518"
431,,"$1,563,518"
432,,"$1,563,518"
433,,"$1,563,518"
434,,"$1,563,518"
435,,"$1,563,518"
436,,"$1,563,518"
437,,"$1,563,518"
438,,"$1,563,518"
439,,"$1,563,518"
440,,"$1,563,518"
441,,"$1,563,518"
442,,"$1,563,518"
443,,"$1,563,518"
444,,"$1,500,000"
445,,"$1,300,000"
446,,"$1,200,000"
447,,"$1,160,955"
448,,"$1,068,200"
449,,"$1,017,781"
450,,"$1,017,781"
451,,"$1,017,781"
452,,"$1,017,781"
453,,"$1,017,781"
454,,"$1,017,781"
455,,"$999,200"
456,,"$838,891"
457,,"$825,000"
458,,"$806,097"
459,,"$702,311"
460,,"$633,891"
461,,"$576,230"
462,,"$566,085"
463,,"$555,217"
464,,"$508,891"
465,,"$508,891"
466,,"$508,891"
467,,"$508,891"
468,,"$508,891"
469,,"$508,891"
470,,"$508,891"
471,,"$508,891"
472,,"$508,891"
473,,"$508,891"
474,,"$508,891"
475,,"$508,891"
476,,"$508,891"
477,,"$508,891"
478,,"$508,891"
479,,"$508,891"
480,,"$508,891"
481,,"$508,891"
482,,"$508,891"
483,,"$508,891"
484,,"$508,891"
485,,"$508,891"
486,,"$508,891"
487,,"$508,891"
488,,"$508,891"
489,,"$508,891"
490,,"$508,891"
491,,"$508,891"
492,,"$508,891"
493,,"$508,891"
494,,"$508,891"
495,,"$508,891"
496,,"$508,891"
497,,"$508,891"
498,,"$508,891"
499,,"$508,891"
500,,"$508,891"
501,,"$508,891"
502,,"$508,891"
503,,"$508,891"
504,,"$508,891"
505,,"$503,041"
506,,"$502,080"
507,,"$502,080"
508,,"$500,000"
509,,"$464,299"
510,,"$386,055"
511,,"$386,055"
512,,"$374,357"
513,,"$371,432"
514,,"$336,336"
515,,"$333,333"
516,,"$307,089"
517,,"$307,089"
518,,"$300,000"
519,,"$268,032"
520,,"$260,295"
521,,"$254,446"
522,,"$250,000"
523,,"$245,204"
524,,"$239,822"
525,,"$201,802"
526,,"$201,802"
527,,"$193,027"
528,,"$192,293"
529,,"$172,555"
530,,"$169,630"
531,,"$150,000"
532,,"$131,610"
533,,"$122,741"
534,,"$109,318"
535,,"$106,288"
536,,"$105,522"
537,,"$96,514"
538,,"$92,857"
539,,"$90,665"
540,,"$50,000"
541,,"$50,000"
542,,"$50,000"
543,PLAYER,
544,Stephen Curry,
545,John Wall,
546,Russell Westbrook,
547,LeBron James,
548,Kevin Durant,
549,Bradley Beal,
550,Paul George,
551,Kawhi Leonard,
552,Giannis Antetokounmpo,
553,Damian Lillard,
554,Klay Thompson,
555,Rudy Gobert,
556,Khris Middleton,
557,Anthony Davis,
558,Jimmy Butler,
559,Tobias Harris,
560,Kemba Walker,
561,Trae Young,
562,Zach LaVine,
563,Luka Doncic,
564,Kyrie Irving,
565,Ben Simmons,
566,Pascal Siakam,
567,Myles Turner,
568,Karl-Anthony Towns,
569,Devin Booker,
570,Kristaps Porzingis,
571,Jrue Holiday,
572,Joel Embiid,
573,Andrew Wiggins,
574,CJ McCollum,
575,Nikola Jokic,
576,James Harden,
577,Jamal Murray,
578,Brandon Ingram,
579,D'Angelo Russell,
580,Michael Porter,
581,Shai Gilgeous-Alexander,
582,Donovan Mitchell,
583,Deandre Ayton,
584,Jayson Tatum,
585,Bam Adebayo,
586,De'Aaron Fox,
587,Gordon Hayward,
588,Jaren Jackson Jr,
589,Kevin Love,
590,Jaylen Brown,
591,Chris Paul,
592,Kyle Lowry,
593,Jalen Brunson,
594,DeMar DeRozan,
595,Al Horford,
596,Draymond Green,
597,Julius Randle,
598,John Collins,
599,Mike Conley,
600,Malcolm Brogdon,
601,Anfernee Simons,
602,Nikola Vucevic,
603,Terry Rozier,
604,Fred VanVleet,
605,Buddy Hield,
606,Jerami Grant,
607,Spencer Dinwiddie,
608,Mikal Bridges,
609,Jarrett Allen,
610,Nicolas Batum,
611,Aaron Gordon,
612,Tim Hardaway Jr,
613,Eric Gordon,
614,Bojan Bogdanovic,
615,Lonzo Ball,
616,Danilo Gallinari,
617,Caris LeVert,
618,Clint Capela,
619,Joe Harris,
620,Domantas Sabonis,
621,Harrison Barnes,
622,Evan Fournier,
623,Bogdan Bogdanovic,
624,Steven Adams,
625,Gary Trent Jr,
626,Jonathan Isaac,
627,OG Anunoby,
628,Marcus Smart,
629,Mitchell Robinson,
630,Duncan Robinson,
631,Derrick White,
632,Norman Powell,
633,Dejounte Murray,
634,Collin Sexton,
635,Markelle Fultz,
636,Lauri Markkanen,
637,Marcus Morris,
638,Davis Bertans,
639,Jusuf Nurkic,
640,Malik Beasley,
641,Luguentz Dort,
642,Tyus Jones,
643,Jonas Valanciunas,
644,Derrick Rose,
645,Kevin Huerter,
646,Will Barton,
647,Christian Wood,
648,Wendell Carter,
649,Kentavious Caldwell-Pope,
650,Brook Lopez,
651,Doug McDermott,
652,Luke Kennard,
653,Zion Williamson,
654,Jordan Clarkson,
655,Gary Harris,
656,Kyle Kuzma,
657,Patrick Beverley,
658,Josh Hart,
659,Kelly Olynyk,
660,Chris Boucher,
661,Kelly Oubre,
662,Marvin Bagley,
663,Dorian Finney-Smith,
664,Robert Covington,
665,Josh Richardson,
666,Ja Morant,
667,Devonte Graham,
668,Terrence Ross,
669,Dillon Brooks,
670,Richaun Holmes,
671,Reggie Jackson,
672,Dwight Powell,
673,Paolo Banchero,
674,Robert Williams,
675,RJ Barrett,
676,Bobby Portis,
677,DeAndre Jordan,
678,Anthony Edwards,
679,Cade Cunningham,
680,PJ Tucker,
681,Derrick Favors,
682,Mo Bamba,
683,Talen Horton-Tucker,
684,Jae Crowder,
685,Ivica Zubac,
686,Reggie Bullock,
687,Alec Burks,
688,Danny Green,
689,Chet Holmgren,
690,De'Andre Hunter,
691,Larry Nance Jr,
692,James Wiseman,
693,Landry Shamet,
694,Malik Monk,
695,Jalen Green,
696,Jakob Poeltl,
697,Nerlens Noel,
698,Dario Saric,
699,Royce O'Neale,
700,Monte Morris,
701,Mason Plumlee,
702,Alex Caruso,
703,Maxi Kleber,
704,Darius Garland,
705,Jabari Smith,
706,Kyle Anderson,
707,Victor Oladipo,
708,Daniel Theis,
709,LaMelo Ball,
710,Nicolas Claxton,
711,Grayson Allen,
712,Seth Curry,
713,Evan Mobley,
714,Gary Payton II,
715,De'Anthony Melton,
716,JaMychal Green,
717,TJ McConnell,
718,Keegan Murray,
719,Kevon Looney,
720,Thaddeus Young,
721,Isaiah Hartenstein,
722,Delon Wright,
723,Patrick Williams,
724,Scottie Barnes,
725,Dewayne Dedmon,
726,Cedi Osman,
727,Coby White,
728,Zach Collins,
729,Taurean Prince,
730,Jaden Ivey,
731,Jae'Sean Tate,
732,Isaac Okoro,
733,Cody Martin,
734,Jalen Suggs,
735,Jaxson Hayes,
736,Khem Birch,
737,Bennedict Mathurin,
738,Patrick Mills,
739,Bruce Brown,
740,Caleb Martin,
741,Lonnie Walker,
742,Joe Ingles,
743,Onyeka Okongwu,
744,Justin Holiday,
745,Josh Giddey,
746,Rui Hachimura,
747,Rudy Gay,
748,Jevon Carter,
749,Shaedon Sharpe,
750,Cameron Payne,
751,Otto Porter,
752,Cam Reddish,
753,Cameron Johnson,
754,Ricky Rubio,
755,Killian Hayes,
756,PJ Washington,
757,Jonathan Kuminga,
758,Pat Connaughton,
759,Tyler Herro,
760,Romeo Langford,
761,Dyson Daniels,
762,JaVale McGee,
763,Obi Toppin,
764,Franz Wagner,
765,Kendrick Nunn,
766,Hamidou Diallo,
767,Cory Joseph,
768,Garrett Temple,
769,Torrey Craig,
770,Jeremy Sochan,
771,David Nwaba,
772,Nickeil Alexander-Walker,
773,Furkan Korkmaz,
774,Deni Avdija,
775,Davion Mitchell,
776,Johnny Davis,
777,Goga Bitadze,
778,Ty Jerome,
779,Ishmael Smith,
780,Jalen Smith,
781,Ziaire Williams,
782,Ousmane Dieng,
783,Moe Harkless,
784,Donte DiVincenzo,
785,Jeff Green,
786,Devin Vassell,
787,Matisse Thybulle,
788,Jarred Vanderbilt,
789,James Bouknight,
790,Brandon Clarke,
791,Jalen Williams,
792,Grant Williams,
793,Darius Bazley,
794,Tyrese Haliburton,
795,Nassir Little,
796,Josh Primo,
797,Jalen Duren,
798,Danuel House,
799,Justise Winslow,
800,Dylan Windler,
801,Stanley Johnson,
802,Kira Lewis,
803,George Hill,
804,Terence Davis,
805,Chris Duarte,
806,Alex Len,
807,Ochai Agbaji,
808,Jordan Poole,
809,Keldon Johnson,
810,Sviatoslav Mykhailiuk,
811,Aaron Nesmith,
812,Moses Moody,
813,Mark Williams,
814,Cole Anthony,
815,Corey Kispert,
816,AJ Griffin,
817,Boban Marjanovic,
818,Mike Muscala,
819,Georges Niang,
820,Isaiah Stewart,
821,Chuma Okeke,
822,Trey Burke,
823,Amir Coffey,
824,Alperen Sengun,
825,Tari Eason,
826,Aleksej Pokusevski,
827,Kevin Porter,
828,Gorgui Dieng,
829,Trey Murphy,
830,Simone Fontecchio,
831,Andre Drummond,
832,Derrick Jones,
833,Dalen Terry,
834,Sterling Brown,
835,Josh Green,
836,Jake LaRavia,
837,Tre Mann,
838,Jordan Nwora,
839,Kevin Knox,
840,Saddiq Bey,
841,Malaki Branham,
842,Kai Jones,
843,Blake Griffin,
844,Markieff Morris,
845,Goran Dragic,
846,Robin Lopez,
847,Andre Iguodala,
848,James Johnson,
849,Udonis Haslem,
850,Serge Ibaka,
851,Wesley Matthews,
852,Austin Rivers,
853,Bismack Biyombo,
854,Taj Gibson,
855,Andrew Nicholson,
856,Precious Achiuwa,
857,Christian Braun,
858,Jalen Johnson,
859,Tyrese Maxey,
860,Bruno Fernando,
861,Walker Kessler,
862,Keon Johnson,
863,Dennis Schroeder,
864,TJ Warren,
865,Matthew Dellavedova,
866,Trey Lyles,
867,Zeke Nnaji,
868,David Roddy,
869,Isaiah Jackson,
870,MarJon Beauchamp,
871,Usman Garuba,
872,Leandro Bolmaro,
873,Montrezl Harrell,
874,Frank Kaminsky,
875,Raul Neto,
876,Willy Hernangomez,
877,RJ Hampton,
878,Theo Maledon,
879,Blake Wesley,
880,Josh Christopher,
881,Joe Wieskamp,
882,Immanuel Quickley,
883,Wendell Moore,
884,John Konchar,
885,Damian Jones,
886,Rodney McGruder,
887,Bryn Forbes,
888,Ryan Arcidiacono,
889,Juan Hernangomez,
890,Quentin Grimes,
891,Saben Lee,
892,Andrew Nembhard,
893,Nikola Jovic,
894,Payton Pritchard,
895,Vlatko Cancar,
896,Patrick Baldwin,
897,TyTy Washington,
898,Bones Hyland,
899,Bol Bol,
900,Peyton Watson,
901,Marquese Chriss,
902,Udoka Azubuike,
903,Jaden McDaniels,
904,Jordan McLaughlin,
905,Malachi Flynn,
906,Cam Thomas,
907,Luke Kornet,
908,Justin Jackson,
909,Dennis Smith,
910,Juan Toscano-Anderson,
911,Damion Lee,
912,Desmond Bane,
913,Jaden Springer,
914,Day'Ron Sharpe,
915,Santiago Aldama,
916,Tony Bradley,
917,Frank Ntilikina,
918,Kenrich Williams,
919,Garrison Mathews,
920,Jaylin Williams,
921,Caleb Houstan,
922,Jeremiah Robinson-Earl,
923,Shake Milton,
924,Edmond Sumner,
925,Aaron Holiday,
926,Yuta Watanabe,
927,Theo Pinson,
928,Troy Brown,
929,Thomas Bryant,
930,Josh Okogie,
931,Drew Eubanks,
932,Daniel Gafford,
933,Terance Mann,
934,Dean Wade,
935,Jalen McDaniels,
936,Jaylen Nowell,
937,Naz Reid,
938,Isaiah Roby,
939,Chimezie Metu,
940,Davon Reed,
941,KZ Okpala,
942,Killian Tillie,
943,Wenyen Gabriel,
944,Thanasis Antetokounmpo,
945,Moritz Wagner,
946,Keita Bates-Diop,
947,Oshae Brissett,
948,Isaiah Joe,
949,Anthony Gill,
950,Nathan Knight,
951,Javonte Green,
952,Max Strus,
953,Gabe Vincent,
954,Herb Jones,
955,Lamar Stevens,
956,KJ Martin,
957,Nick Richards,
958,Tyrell Terry,
959,Xavier Tillman,
960,Naji Marshall,
961,Paul Reed,
962,Tre Jones,
963,Vernon Carey,
964,Haywood Highsmith,
965,Omer Yurtseven,
966,Jericho Sims,
967,Sam Hauser,
968,Kessler Edwards,
969,Isaiah Todd,
970,Vit Krejci,
971,JT Thor,
972,Marko Simonovic,
973,Terry Taylor,
974,BJ Boston,
975,Jason Preston,
976,Aaron Wiggins,
977,Trendon Watford,
978,Ayo Dosunmu,
979,Isaiah Livers,
980,Daishen Nix,
981,Austin Reaves,
982,Jose Alvarado,
983,Miles McBride,
984,Jock Landale,
985,Greg Brown,
986,Dalano Banton,
987,Jared Butler,
988,Christian Koloko,
989,Eric Bledsoe,
990,Kennedy Chandler,
991,Noah Vonleh,
992,Zhaire Smith,
993,Tyrese Martin,
994,Jaden Hardy,
995,Ryan Rollins,
996,Max Christie,
997,Josh Minott,
998,Jabari Walker,
999,Kyle Singler,
1000,Trevelin Queen,
1001,Justin Champagnie,
1002,Matt Ryan,
1003,Nik Stauskas,
1004,Ishmail Wainright,
1005,Juwan Morgan,
1006,Charles Bassey,
1007,Malik Fitts,
1008,Cole Swider,
1009,Vince Williams Jr,
1010,EJ Liddell,
1011,Kevon Harris,
1012,Micah Potter,
1013,Trent Forrest,
1014,JD Davison,
1015,Mfiondu Kabengele,
1016,David Duke,
1017,Bryce McGowens,
1018,Malcolm Hill,
1019,Mamadi Diakite,
1020,Isaiah Mobley,
1021,McKinley Wright,
1022,Collin Gillespie,
1023,Jack White,
1024,Buddy Boeheim,
1025,Anthony Lamb,
1026,Darius Days,
1027,Trevor Hudgins,
1028,Kendall Brown,
1029,Moses Brown,
1030,Moussa Diabate,
1031,Scottie Pippen Jr,
1032,Kenneth Lofton,
1033,Jamal Cain,
1034,AJ Green,
1035,Luka Garza,
1036,Dereon Seabron,
1037,Trevor Keels,
1038,Eugene Omoruyi,
1039,Admiral Schofield,
1040,Julian Champagnie,
1041,Duane Washington Jr,
1042,Keon Ellis,
1043,Neemias Queta,
1044,Dominick Barlow,
1045,Jeff Dowtin,
1046,Ron Harper Jr,
1047,Johnny Juzang,
1048,Jordan Goodwin,
1049,John Butler,
1050,Sandro Mamukelashvili,
1051,Lindy Waters III,
1052,Chima Moneke,
1053,Facundo Campazzo,
1054,Orlando Robinson,
1055,DaQuan Jeffries,
1056,Dru Smith,
1057,AJ Lawson,
1058,Carlik Jones,
1059,DJ Augustin,
1060,Jared Rhoden,
1061,Louis King,
1062,Robert Woodard,
1063,Didi Louzada,
1064,Jarrett Culver,
1065,Alondes Williams,
1066,DJ Wilson,
1067,PJ Dozier,
1068,Donovan Williams,
1069,Tyler Dorsey,
1070,Braxton Key,
1071,Jordan Hall,
1072,Alize Johnson,
1073,Kostas Antetokounmpo,
1074,Devon Dotson,
1075,Sam Merrill,
1076,Feron Hunt,
1077,Troy Williams,
1078,Chris Silva,
1079,Michael Foster,
1080,Deonte Burton,
1081,Jordan Schakel,
1082,Demetrius Jackson,
1083,Olivier Sarr,
1084,Quenton Jackson,
1085,DJ Steward,
1086,Armoni Brooks,
